{"cameraMode":{"drawMode":0,"name":"Shaded","section":"Shading Mode"},"sceneLighting":true,"audioPlay":false,"sceneViewState":{"m_AlwaysRefresh":false,"showFog":false,"showSkybox":true,"showFlares":true,"showImageEffects":true,"showParticleSystems":true,"showVisualEffectGraphs":true,"m_FxEnabled":true},"in2DMode":false,"pivot":{"x":-0.6726324558258057,"y":0.4016658067703247,"z":1.7778152227401734},"rotation":{"x":-0.16316716372966767,"y":0.7464687824249268,"z":-0.19842460751533509,"w":-0.6138313412666321},"size":1.827361822128296,"orthographic":false}